{
    "A1": {
        "I1": 4.293053,
        "I2": 6.419909,
        "I3": 10.389162,
        "I4": 4.876433,
        "I5": 6.941461,
        "I6": 5.245353,
        "I7": 11.721108,
        "I8": 7.993072,
        "I9": 5.675784,
        "I10": 5.129207,
        "I11": 7.745374,
        "I12": 3.536406,
        "I13": 4.011399,
        "I14": 9.965311,
        "I15": 1.563953,
        "I16": 7.886265,
        "I17": 4.761575,
        "I18": 3.15273,
        "I19": 8.548188,
        "I20": 7.990578
    },
    "A2": {
        "I1": 7.225982,
        "I2": 4.10013,
        "I3": 9.491991,
        "I4": 6.587208,
        "I5": 7.540054,
        "I6": 6.472441,
        "I7": 12.902783,
        "I8": 9.466245,
        "I9": 1.86442,
        "I10": 5.032432,
        "I11": 8.918438,
        "I12": 8.356167,
        "I13": 2.961592,
        "I14": 5.776586,
        "I15": 6.22693,
        "I16": 8.008241,
        "I17": 2.075059,
        "I18": 5.320557,
        "I19": 9.36323,
        "I20": 1.937511
    },
    "A3": {
        "I1": 4.505916,
        "I2": 5.731381,
        "I3": 2.809445,
        "I4": 4.055535,
        "I5": 2.2766,
        "I6": 3.83472,
        "I7": 3.202507,
        "I8": 0.90256,
        "I9": 7.933609,
        "I10": 4.936892,
        "I11": 1.054326,
        "I12": 5.970247,
        "I13": 9.841366,
        "I14": 7.040843,
        "I15": 7.247887,
        "I16": 1.822988,
        "I17": 8.27119,
        "I18": 6.076604,
        "I19": 0.414813,
        "I20": 9.216344
    },
    "A4": {
        "I1": 4.663226,
        "I2": 8.808308,
        "I3": 10.69039,
        "I4": 5.765895,
        "I5": 7.369536,
        "I6": 6.217895,
        "I7": 10.347059,
        "I8": 7.334415,
        "I9": 9.073897,
        "I10": 7.073119,
        "I11": 7.409301,
        "I12": 2.702106,
        "I13": 8.194374,
        "I14": 12.232232,
        "I15": 4.224163,
        "I16": 8.245214,
        "I17": 8.404551,
        "I18": 5.467434,
        "I19": 8.189379,
        "I20": 11.428794
    },
    "A5": {
        "I1": 6.179251,
        "I2": 5.513303,
        "I3": 10.749141,
        "I4": 6.096642,
        "I5": 7.827397,
        "I6": 6.236093,
        "I7": 13.242172,
        "I8": 9.468647,
        "I9": 3.562018,
        "I10": 5.236642,
        "I11": 9.036681,
        "I12": 6.470021,
        "I13": 0.594235,
        "I14": 8.494837,
        "I15": 3.97855,
        "I16": 8.608773,
        "I17": 2.543138,
        "I18": 4.135677,
        "I19": 9.708946,
        "I20": 5.339729
    },
    "A6": {
        "I1": 8.292353,
        "I2": 3.892947,
        "I3": 7.569291,
        "I4": 7.287337,
        "I5": 7.146616,
        "I6": 6.952695,
        "I7": 11.649874,
        "I8": 8.995187,
        "I9": 3.83659,
        "I10": 5.641143,
        "I11": 8.414274,
        "I12": 9.993052,
        "I13": 6.577405,
        "I14": 2.556824,
        "I15": 8.555866,
        "I16": 7.141151,
        "I17": 4.848777,
        "I18": 7.070066,
        "I19": 8.525265,
        "I20": 1.927279
    },
    "A7": {
        "I1": 11.358013,
        "I2": 7.730534,
        "I3": 12.56566,
        "I4": 10.651715,
        "I5": 11.322536,
        "I6": 10.485655,
        "I7": 16.418921,
        "I8": 13.270295,
        "I9": 5.90567,
        "I10": 9.020681,
        "I11": 12.698159,
        "I12": 12.506917,
        "I13": 6.492109,
        "I14": 7.738214,
        "I15": 10.306493,
        "I16": 11.614306,
        "I17": 6.225043,
        "I18": 9.477855,
        "I19": 13.018266,
        "I20": 4.225174
    },
    "A8": {
        "I1": 2.830844,
        "I2": 3.640658,
        "I3": 3.561154,
        "I4": 2.020335,
        "I5": 0.083085,
        "I6": 1.684836,
        "I7": 5.468715,
        "I8": 1.906583,
        "I9": 5.717412,
        "I10": 2.670702,
        "I11": 1.347873,
        "I12": 4.686484,
        "I13": 7.585959,
        "I14": 5.780015,
        "I15": 5.332891,
        "I16": 1.01447,
        "I17": 6.00954,
        "I18": 3.954588,
        "I19": 1.895518,
        "I20": 7.196967
    },
    "A9": {
        "I1": 8.625619,
        "I2": 4.240306,
        "I3": 7.016342,
        "I4": 7.566243,
        "I5": 7.114348,
        "I6": 7.188862,
        "I7": 11.209638,
        "I8": 8.859556,
        "I9": 4.706069,
        "I10": 6.004888,
        "I11": 8.289607,
        "I12": 10.426139,
        "I13": 7.570403,
        "I14": 1.800722,
        "I15": 9.204937,
        "I16": 6.959712,
        "I17": 5.747333,
        "I18": 7.631395,
        "I19": 8.292823,
        "I20": 3.021421
    },
    "A10": {
        "I1": 4.79765,
        "I2": 8.380814,
        "I3": 11.155142,
        "I4": 5.797644,
        "I5": 7.685303,
        "I6": 6.250219,
        "I7": 11.421922,
        "I8": 8.073524,
        "I9": 8.200546,
        "I10": 6.763071,
        "I11": 8.026898,
        "I12": 3.001809,
        "I13": 6.85542,
        "I14": 11.92436,
        "I15": 3.314791,
        "I16": 8.622933,
        "I17": 7.398538,
        "I18": 4.8915,
        "I19": 8.843489,
        "I20": 10.564975
    }
}