{
    "I1": {
        "H1": 1.772065,
        "H2": 2.978901,
        "H3": 3.597637,
        "H4": 3.10347
    },
    "I2": {
        "H1": 4.743441,
        "H2": 2.185748,
        "H3": 2.066757,
        "H4": 2.501892
    },
    "I3": {
        "H1": 4.976173,
        "H2": 6.755218,
        "H3": 7.061899,
        "H4": 7.154004
    },
    "I4": {
        "H1": 1.722618,
        "H2": 2.363597,
        "H3": 2.974386,
        "H4": 2.6116
    },
    "I5": {
        "H1": 1.776933,
        "H2": 3.798868,
        "H3": 4.285774,
        "H4": 4.160374
    },
    "I6": {
        "H1": 1.792037,
        "H2": 2.342037,
        "H3": 2.922587,
        "H4": 2.643412
    },
    "I7": {
        "H1": 5.681982,
        "H2": 9.260766,
        "H3": 9.762118,
        "H4": 9.607456
    },
    "I8": {
        "H1": 1.936155,
        "H2": 5.552592,
        "H3": 6.095832,
        "H4": 5.87597
    },
    "I9": {
        "H1": 6.409766,
        "H2": 2.486316,
        "H3": 1.876186,
        "H4": 2.436668
    },
    "I10": {
        "H1": 3.253514,
        "H2": 1.187239,
        "H3": 1.624763,
        "H4": 1.580135
    },
    "I11": {
        "H1": 1.782214,
        "H2": 5.072019,
        "H3": 5.597091,
        "H4": 5.40944
    },
    "I12": {
        "H1": 3.249954,
        "H2": 4.376353,
        "H3": 4.928726,
        "H4": 4.341926
    },
    "I13": {
        "H1": 7.651087,
        "H2": 3.788807,
        "H3": 3.357188,
        "H4": 3.431834
    },
    "I14": {
        "H1": 7.372736,
        "H2": 5.751509,
        "H3": 5.555091,
        "H4": 6.049806
    },
    "I15": {
        "H1": 4.546476,
        "H2": 2.988975,
        "H3": 3.320864,
        "H4": 2.743426
    },
    "I16": {
        "H1": 2.552093,
        "H2": 4.556365,
        "H3": 4.983619,
        "H4": 4.937356
    },
    "I17": {
        "H1": 6.431575,
        "H2": 2.352953,
        "H3": 1.757753,
        "H4": 2.138649
    },
    "I18": {
        "H1": 3.630237,
        "H2": 1.386897,
        "H3": 1.874433,
        "H4": 1.27677
    },
    "I19": {
        "H1": 2.603969,
        "H2": 5.694417,
        "H3": 6.183693,
        "H4": 6.050786
    },
    "I20": {
        "H1": 8.246075,
        "H2": 4.695611,
        "H3": 4.136316,
        "H4": 4.730603
    }
}