incident_id,H1,H2,H3,H4
I1,10.753916,7.400196,6.852017,7.448393
I2,2.731251,1.553552,2.072291,1.914628
I3,0.802563,3.343733,3.957568,3.574841
I4,2.73198,1.346846,1.954312,1.621004
I5,2.165771,3.292538,3.740701,3.670222
