{
    "I1": {
        "H1": 10.753916,
        "H2": 7.400196,
        "H3": 6.852017,
        "H4": 7.448393
    },
    "I2": {
        "H1": 2.731251,
        "H2": 1.553552,
        "H3": 2.072291,
        "H4": 1.914628
    },
    "I3": {
        "H1": 0.802563,
        "H2": 3.343733,
        "H3": 3.957568,
        "H4": 3.574841
    },
    "I4": {
        "H1": 2.73198,
        "H2": 1.346846,
        "H3": 1.954312,
        "H4": 1.621004
    },
    "I5": {
        "H1": 2.165771,
        "H2": 3.292538,
        "H3": 3.740701,
        "H4": 3.670222
    }
}