{
    "A1": {
        "I1": 2.614809,
        "I2": -10.854076,
        "I3": -18.668191,
        "I4": -19.47502,
        "I5": -9.287779
    },
    "A2": {
        "I1": -3.900244,
        "I2": -10.452075,
        "I3": -16.427679,
        "I4": -18.429172,
        "I5": -9.079292
    },
    "A3": {
        "I1": 3.349096,
        "I2": -11.4935,
        "I3": -20.540541,
        "I4": -19.154369,
        "I5": -13.137439
    }
}