ambulance_id,I1,I2,I3,I4,I5
A1,2.614809,-10.854076,-18.668191,-19.47502,-9.287779
A2,-3.900244,-10.452075,-16.427679,-18.429172,-9.079292
A3,3.349096,-11.4935,-20.540541,-19.154369,-13.137439
