ambulance_id,I1,I2,I3,I4,I5
A1,10.614809,5.145924,5.331809,4.52498,6.712221
A2,4.099756,5.547925,7.572321,5.570828,6.920708
A3,11.349096,4.5065,3.459459,4.845631,2.862561
