{
    "A1": {
        "I1": 10.614809,
        "I2": 5.145924,
        "I3": 5.331809,
        "I4": 4.52498,
        "I5": 6.712221
    },
    "A2": {
        "I1": 4.099756,
        "I2": 5.547925,
        "I3": 7.572321,
        "I4": 5.570828,
        "I5": 6.920708
    },
    "A3": {
        "I1": 11.349096,
        "I2": 4.5065,
        "I3": 3.459459,
        "I4": 4.845631,
        "I5": 2.862561
    }
}