{
    "I1": {
        "H1": 5.607094,
        "H2": 4.634246,
        "H3": 4.93771,
        "H4": 4.374531
    },
    "I2": {
        "H1": 6.898978,
        "H2": 9.907283,
        "H3": 10.323273,
        "H4": 10.287291
    },
    "I3": {
        "H1": 2.544136,
        "H2": 5.834643,
        "H3": 6.454411,
        "H4": 5.955736
    },
    "I4": {
        "H1": 2.088722,
        "H2": 2.048416,
        "H3": 2.668777,
        "H4": 2.262874
    },
    "I5": {
        "H1": 6.814126,
        "H2": 5.541361,
        "H3": 5.418841,
        "H4": 5.868762
    },
    "I6": {
        "H1": 4.421595,
        "H2": 2.33754,
        "H3": 2.647055,
        "H4": 2.074771
    },
    "I7": {
        "H1": 9.533395,
        "H2": 6.043861,
        "H3": 5.482668,
        "H4": 6.075193
    },
    "I8": {
        "H1": 5.035169,
        "H2": 7.592073,
        "H3": 7.978378,
        "H4": 7.980096
    },
    "I9": {
        "H1": 10.167274,
        "H2": 6.101286,
        "H3": 5.526611,
        "H4": 5.833609
    },
    "I10": {
        "H1": 7.651087,
        "H2": 3.788807,
        "H3": 3.357188,
        "H4": 3.431834
    },
    "I11": {
        "H1": 8.650767,
        "H2": 5.737721,
        "H3": 5.288391,
        "H4": 5.885598
    },
    "I12": {
        "H1": 10.726049,
        "H2": 6.698697,
        "H3": 6.077543,
        "H4": 6.533457
    },
    "I13": {
        "H1": 0.585256,
        "H2": 4.086384,
        "H3": 4.704746,
        "H4": 4.296406
    },
    "I14": {
        "H1": 9.338472,
        "H2": 9.519192,
        "H3": 9.531784,
        "H4": 9.890283
    },
    "I15": {
        "H1": 6.208599,
        "H2": 2.893376,
        "H3": 2.750766,
        "H4": 2.493348
    },
    "I16": {
        "H1": 4.703669,
        "H2": 6.03118,
        "H3": 6.548679,
        "H4": 5.9496
    },
    "I17": {
        "H1": 1.187605,
        "H2": 4.760693,
        "H3": 5.382868,
        "H4": 4.942188
    },
    "I18": {
        "H1": 6.015439,
        "H2": 4.441966,
        "H3": 4.318651,
        "H4": 4.767096
    },
    "I19": {
        "H1": 7.476455,
        "H2": 8.790752,
        "H3": 8.985908,
        "H4": 9.189471
    },
    "I20": {
        "H1": 4.754116,
        "H2": 3.693929,
        "H3": 4.045344,
        "H4": 3.463295
    },
    "I21": {
        "H1": 1.802445,
        "H2": 4.145533,
        "H3": 4.760832,
        "H4": 4.248146
    },
    "I22": {
        "H1": 4.938792,
        "H2": 2.407826,
        "H3": 2.256415,
        "H4": 2.713599
    },
    "I23": {
        "H1": 5.604657,
        "H2": 9.623174,
        "H3": 10.198774,
        "H4": 9.91036
    },
    "I24": {
        "H1": 3.234355,
        "H2": 5.82567,
        "H3": 6.424678,
        "H4": 5.874576
    },
    "I25": {
        "H1": 10.402458,
        "H2": 8.608107,
        "H3": 8.313339,
        "H4": 8.860819
    },
    "I26": {
        "H1": 2.214776,
        "H2": 2.717173,
        "H3": 3.180986,
        "H4": 3.091909
    },
    "I27": {
        "H1": 6.375765,
        "H2": 10.168524,
        "H3": 10.698941,
        "H4": 10.496536
    },
    "I28": {
        "H1": 8.727426,
        "H2": 4.78648,
        "H3": 4.16588,
        "H4": 4.683787
    },
    "I29": {
        "H1": 10.761128,
        "H2": 7.639326,
        "H3": 7.127662,
        "H4": 7.729855
    },
    "I30": {
        "H1": 4.21459,
        "H2": 8.175888,
        "H3": 8.795799,
        "H4": 8.369386
    },
    "I31": {
        "H1": 10.046023,
        "H2": 6.917861,
        "H3": 6.411686,
        "H4": 7.01413
    },
    "I32": {
        "H1": 9.443172,
        "H2": 8.619233,
        "H3": 8.487452,
        "H4": 8.946077
    },
    "I33": {
        "H1": 7.250975,
        "H2": 11.056189,
        "H3": 11.586011,
        "H4": 11.384136
    },
    "I34": {
        "H1": 0.955067,
        "H2": 3.41389,
        "H3": 4.034709,
        "H4": 3.613053
    },
    "I35": {
        "H1": 4.924779,
        "H2": 3.102042,
        "H3": 3.043813,
        "H4": 3.445008
    },
    "I36": {
        "H1": 9.66916,
        "H2": 5.597103,
        "H3": 5.016308,
        "H4": 5.338393
    },
    "I37": {
        "H1": 3.942808,
        "H2": 1.526105,
        "H3": 1.927138,
        "H4": 1.327098
    },
    "I38": {
        "H1": 12.481588,
        "H2": 10.082472,
        "H3": 9.670055,
        "H4": 10.260549
    },
    "I39": {
        "H1": 10.187768,
        "H2": 9.303603,
        "H3": 9.150179,
        "H4": 9.622582
    },
    "I40": {
        "H1": 11.41883,
        "H2": 7.571667,
        "H3": 6.955898,
        "H4": 7.488444
    },
    "I41": {
        "H1": 9.694063,
        "H2": 5.630755,
        "H3": 5.016656,
        "H4": 5.435794
    },
    "I42": {
        "H1": 8.134279,
        "H2": 5.130078,
        "H3": 4.675009,
        "H4": 5.27293
    },
    "I43": {
        "H1": 10.265346,
        "H2": 6.192926,
        "H3": 5.583984,
        "H4": 5.982078
    },
    "I44": {
        "H1": 6.321972,
        "H2": 3.10093,
        "H3": 2.66647,
        "H4": 3.257683
    },
    "I45": {
        "H1": 6.916192,
        "H2": 9.312996,
        "H3": 9.651265,
        "H4": 9.708218
    },
    "I46": {
        "H1": 11.699395,
        "H2": 9.492322,
        "H3": 9.116895,
        "H4": 9.69643
    },
    "I47": {
        "H1": 8.841367,
        "H2": 4.811414,
        "H3": 4.189904,
        "H4": 4.653532
    },
    "I48": {
        "H1": 10.545335,
        "H2": 6.570349,
        "H3": 5.947483,
        "H4": 6.437602
    },
    "I49": {
        "H1": 10.044508,
        "H2": 9.332113,
        "H3": 9.206188,
        "H4": 9.661497
    },
    "I50": {
        "H1": 5.308179,
        "H2": 8.692551,
        "H3": 9.170834,
        "H4": 9.051063
    },
    "I51": {
        "H1": 13.359758,
        "H2": 12.07345,
        "H3": 11.822969,
        "H4": 12.350615
    },
    "I52": {
        "H1": 7.264501,
        "H2": 11.08297,
        "H3": 11.615079,
        "H4": 11.409266
    },
    "I53": {
        "H1": 9.416099,
        "H2": 6.371307,
        "H3": 5.886563,
        "H4": 6.488475
    },
    "I54": {
        "H1": 6.182458,
        "H2": 9.736513,
        "H3": 10.231455,
        "H4": 10.086332
    },
    "I55": {
        "H1": 9.032542,
        "H2": 9.289538,
        "H3": 9.317833,
        "H4": 9.664159
    },
    "I56": {
        "H1": 5.32806,
        "H2": 9.251869,
        "H3": 9.808182,
        "H4": 9.559532
    },
    "I57": {
        "H1": 8.278913,
        "H2": 8.763671,
        "H3": 8.836625,
        "H4": 9.147177
    },
    "I58": {
        "H1": 9.868836,
        "H2": 6.115554,
        "H3": 5.513105,
        "H4": 6.073883
    },
    "I59": {
        "H1": 2.713873,
        "H2": 3.246619,
        "H3": 3.621687,
        "H4": 3.64061
    },
    "I60": {
        "H1": 11.339725,
        "H2": 8.563591,
        "H3": 8.10201,
        "H4": 8.701895
    },
    "I61": {
        "H1": 11.250995,
        "H2": 8.186322,
        "H3": 7.679863,
        "H4": 8.282254
    },
    "I62": {
        "H1": 12.251113,
        "H2": 8.200011,
        "H3": 7.582842,
        "H4": 8.011553
    },
    "I63": {
        "H1": 8.322987,
        "H2": 8.626333,
        "H3": 8.674269,
        "H4": 9.004907
    },
    "I64": {
        "H1": 6.211162,
        "H2": 3.692167,
        "H3": 3.740696,
        "H4": 3.322736
    },
    "I65": {
        "H1": 5.418329,
        "H2": 4.028827,
        "H3": 3.973316,
        "H4": 4.37576
    },
    "I66": {
        "H1": 4.873474,
        "H2": 7.031863,
        "H3": 7.593237,
        "H4": 7.008669
    },
    "I67": {
        "H1": 8.260845,
        "H2": 4.854609,
        "H3": 4.321859,
        "H4": 4.922502
    },
    "I68": {
        "H1": 7.633353,
        "H2": 8.302015,
        "H3": 8.41232,
        "H4": 8.691566
    },
    "I69": {
        "H1": 12.203236,
        "H2": 9.495689,
        "H3": 9.037747,
        "H4": 9.637259
    },
    "I70": {
        "H1": 11.47287,
        "H2": 7.57996,